{
  "builtInLibrariesFolders": "",
  "customBuildProperties": "build.warn_data_percentage=75,runtime.tools.STM32Tools.path=/home/alireza/.arduino15/packages/STMicroelectronics/tools/STM32Tools/2.2.3,runtime.tools.STM32Tools-2.2.3.path=/home/alireza/.arduino15/packages/STMicroelectronics/tools/STM32Tools/2.2.3,runtime.tools.xpack-arm-none-eabi-gcc.path=/home/alireza/.arduino15/packages/STMicroelectronics/tools/xpack-arm-none-eabi-gcc/13.2.1-1.1,runtime.tools.xpack-arm-none-eabi-gcc-13.2.1-1.1.path=/home/alireza/.arduino15/packages/STMicroelectronics/tools/xpack-arm-none-eabi-gcc/13.2.1-1.1,runtime.tools.STM32_SVD.path=/home/alireza/.arduino15/packages/STMicroelectronics/tools/STM32_SVD/1.15.1,runtime.tools.STM32_SVD-1.15.1.path=/home/alireza/.arduino15/packages/STMicroelectronics/tools/STM32_SVD/1.15.1,runtime.tools.CMSIS.path=/home/alireza/.arduino15/packages/STMicroelectronics/tools/CMSIS/5.9.0,runtime.tools.CMSIS-5.9.0.path=/home/alireza/.arduino15/packages/STMicroelectronics/tools/CMSIS/5.9.0,runtime.tools.xpack-openocd.path=/home/alireza/.arduino15/packages/STMicroelectronics/tools/xpack-openocd/0.12.0-3,runtime.tools.xpack-openocd-0.12.0-3.path=/home/alireza/.arduino15/packages/STMicroelectronics/tools/xpack-openocd/0.12.0-3",
  "fqbn": "STMicroelectronics:stm32:GenF1:pnum=BLUEPILL_F103CB,upload_method=swdMethod,xserial=generic,usb=none,xusb=FS,opt=osstd,dbg=none,rtlib=nano",
  "hardwareFolders": "/usr/share/arduino/hardware,/home/alireza/.arduino15/packages",
  "otherLibrariesFolders": "/home/alireza/Arduino/libraries",
  "runtime.ide.version": "10819",
  "sketchLocation": "/home/alireza/Desktop/DriyerTestI2CDeleted/DriyerTestI2CDeleted.ino",
  "toolsFolders": "/usr/share/arduino/hardware/tools/avr,/home/alireza/.arduino15/packages"
}